Nome,UpVotes,Link
{titles},{upvotes},{links}
"
    
    Most bosses regret how they mandated workers return to the office 
",91,/r/programming/comments/15rck2u/most_bosses_regret_how_they_mandated_workers/
"
    
    ChatGPT Isn't as Good at Coding as We Thought
  ",109,/r/programming/comments/15r7ecr/chatgpt_isnt_as_good_at_coding_as_we_thought/
"
    
    How They Bypass YouTube Video Download Throttling
  ",512,/r/programming/comments/15qr2a2/how_they_bypass_youtube_video_download_throttling/
